wikidata_qid,wikidata_name,wikidata_url,candidate_inat_ids,candidate_inat_names,correct_inat_taxon_id,notes
Q29588749,Abietinella,http://www.wikidata.org/entity/Q29588749,155572;155573,Abietinella;Abietinella,155573,
Q50749187,Ablabesmyia,http://www.wikidata.org/entity/Q50749187,247694;549454,Ablabesmyia;Ablabesmyia,549454,
Q138641856,Abrothrix,http://www.wikidata.org/entity/Q138641856,71812;1431436,Abrothrix;Abrothrix,1431436,
Q50746010,Absidia,http://www.wikidata.org/entity/Q50746010,552980;552989,Absidia;Absidia,552989,
Q4671795,Acalyptris psammophricta,http://www.wikidata.org/entity/Q4671795,1393789;1393788,Acalyptris psammophricta;Acalyptris psammophricta,1393789,
Q4671809,Acalyptris shafirkanus,http://www.wikidata.org/entity/Q4671809,1393791;1393790,Acalyptris shafirkanus;Acalyptris shafirkanus,1393791,
Q121887868,Acanthocephala,http://www.wikidata.org/entity/Q121887868,61446;151826;1683912,Acanthocephala;Acanthocephala;Acanthocephala,151826,
Q4671891,Acanthocephala,http://www.wikidata.org/entity/Q4671891,61446;151826;1683912,Acanthocephala;Acanthocephala;Acanthocephala,61446,
Q13223600,Acanthostichus brevicornis,http://www.wikidata.org/entity/Q13223600,1453538;1453541,Acanthostichus brevicornis;Acanthostichus brevicornis,1453538,
Q13223621,Acanthostichus serratulus,http://www.wikidata.org/entity/Q13223621,1453542;1453555,Acanthostichus serratulus;Acanthostichus serratulus,1453555,
Q110755301,Acauloplacella,http://www.wikidata.org/entity/Q110755301,635057;767670,Acauloplacella;Acauloplacella,767670,
Q50750088,Acetropis,http://www.wikidata.org/entity/Q50750088,132328;1634518,Acetropis;Acetropis,1634518,
Q18617001,Achlya,http://www.wikidata.org/entity/Q18617001,416166;416167,Achlya;Achlya,416167,
Q21438872,Acmaeodera,http://www.wikidata.org/entity/Q21438872,127631;886834,Acmaeodera;Acmaeodera,127631,
Q21438878,Acmaeoderella,http://www.wikidata.org/entity/Q21438878,327587;1147313,Acmaeoderella;Acmaeoderella,1147313,
Q21769877,Acmella,http://www.wikidata.org/entity/Q21769877,121286;1349449,Acmella;Acmella,1349449,
Q106123971,Acmella pusilla,http://www.wikidata.org/entity/Q106123971,157976;1349465,Acmella pusilla;Acmella pusilla,1349465,
Q2641201,Acomys,http://www.wikidata.org/entity/Q2641201,45580;1431431,Acomys;Acomys,1431431,
Q50746351,Acritus,http://www.wikidata.org/entity/Q50746351,172724;538991,Acritus;Acritus,538991,
Q8187676,Acrobotrys,http://www.wikidata.org/entity/Q8187676,950949;1357676,Acrobotrys;Acrobotrys,950949,
Q25368354,Acrobotrys,http://www.wikidata.org/entity/Q25368354,950949;1357676,Acrobotrys;Acrobotrys,1357676,
Q10400171,Acrodonta,http://www.wikidata.org/entity/Q10400171,767234;1567778,Acrodonta;Acrodonta,767234,
Q21441028,Acronicta,http://www.wikidata.org/entity/Q21441028,55624;1096177,Acronicta;Acronicta,1096177,
Q21445344,Acrotrichis,http://www.wikidata.org/entity/Q21445344,172729;996882,Acrotrichis;Acrotrichis,996882,
Q21441202,Actebia,http://www.wikidata.org/entity/Q21441202,172760;1114433,Actebia;Actebia,1114433,
Q16294898,Actinella,http://www.wikidata.org/entity/Q16294898,86234;153214,Actinella;Actinella,NONE,
Q23070154,Actinella,http://www.wikidata.org/entity/Q23070154,86234;153214,Actinella;Actinella,153214,
Q50757168,Actinella,http://www.wikidata.org/entity/Q50757168,86234;153214,Actinella;Actinella,NONE,
Q119571967,Acuera,http://www.wikidata.org/entity/Q119571967,544587;638538,Acuera;Acuera,638538,
Q41150341,Adamsiella,http://www.wikidata.org/entity/Q41150341,566360;776263,Adamsiella;Adamsiella,776263,
Q10400945,Adapantus,http://www.wikidata.org/entity/Q10400945,767109;1562811,Adapantus;Adapantus,767109,
Q111939572,Adelanthus,http://www.wikidata.org/entity/Q111939572,272738;1011365,Adelanthus;Adelanthus,NONE,taxon seems to be replaced by Pyrenacantha 181119
Q13890759,Adelphia,http://www.wikidata.org/entity/Q13890759,324694;1069889,Adelphia;Adelphia,324694,
Q110901482,Adenopterus,http://www.wikidata.org/entity/Q110901482,625458;767390,Adenopterus;Adenopterus,767390,
Q119573500,Adesmia,http://www.wikidata.org/entity/Q119573500,138506;202167;1479496,Adesmia;Adesmia;Adesmia,1479496,
Q15521945,Adesmia montana,http://www.wikidata.org/entity/Q15521945,814653;1667679,Adesmia montana;Adesmia montana,814653,
Q47091388,Adischissus,http://www.wikidata.org/entity/Q47091388,924877;1694207,Adischissus;Adischissus,924877,
Q107269675,Adonis,http://www.wikidata.org/entity/Q107269675,54004;1673518,Adonis;Adonis,NONE,
Q29372944,Adoretus,http://www.wikidata.org/entity/Q29372944,355549;1508176,Adoretus;Adoretus,1508176,
Q21441058,Adscita,http://www.wikidata.org/entity/Q21441058,333235;1656767,Adscita;Adscita,1656767,
Q14574701,Aedes detritus,http://www.wikidata.org/entity/Q14574701,1244712;1466225,Aedes detritus;Aedes detritus,1244712,Wikidata doesn't seem to have the complex 1466225
Q3913364,Aenictus currax,http://www.wikidata.org/entity/Q3913364,1423958;1423949,Aenictus currax;Aenictus currax,1423958,Wikidata doesn't seem to have the complex 1423949
Q3912708,Aenictus hottai,http://www.wikidata.org/entity/Q3912708,1423960;1423959,Aenictus hottai;Aenictus hottai,1423960,Wikidata doesn't seem to have the complex 1423959
Q3914169,Aenictus javanus,http://www.wikidata.org/entity/Q3914169,1250702;1423962,Aenictus javanus;Aenictus javanus,1250702,Wikidata doesn't seem to have the complex 1423962
Q3912728,Aenictus minutulus,http://www.wikidata.org/entity/Q3912728,1423986;1423982,Aenictus minutulus;Aenictus minutulus,1423986,Wikidata doesn't seem to have the complex 1423982
Q3912255,Aenictus philippinensis,http://www.wikidata.org/entity/Q3912255,1250699;1424000,Aenictus philippinensis;Aenictus philippinensis,1250699,Wikidata doesn't seem to have the complex 1424000
Q3913700,Aenictus silvestrii,http://www.wikidata.org/entity/Q3913700,1424003;1424007,Aenictus silvestrii;Aenictus silvestrii,1424007,Wikidata doesn't seem to have the complex 1424003
Q3914191,Aenictus wroughtonii,http://www.wikidata.org/entity/Q3914191,1424018;1424008,Aenictus wroughtonii;Aenictus wroughtonii,1424018,Wikidata doesn't seem to have the complex 1424008
Q15869297,Aesa,http://www.wikidata.org/entity/Q15869297,933945;1667105,Aesa;Aesa,933945,taxon tree seems a bit incomplete on Wikidata lacking subfamily and tribe
Q13231927,Afrasura submarmorata,http://www.wikidata.org/entity/Q13231927,1302239;1364075,Afrasura submarmorata;Afrasura submarmorata,1302239,Wikidata doesn't seem to have the complex 1364075
Q105937260,Afrius,http://www.wikidata.org/entity/Q105937260,627723;1360412,Afrius;Afrius,1360412,
Q20668495,Afrocrania,http://www.wikidata.org/entity/Q20668495,1296985;1642969,Afrocrania;Afrocrania,1296985,
Q2506863,Afrocrania,http://www.wikidata.org/entity/Q2506863,1296985;1642969,Afrocrania;Afrocrania,1642969,
Q10402424,Afrophisis,http://www.wikidata.org/entity/Q10402424,767273;767600,Afrophisis;Afrophisis,767273,
Q125221278,Agalope geoffi,http://www.wikidata.org/entity/Q125221278,1579313;1579324,Agalope geoffi;Agalope geoffi,1579313,
Q21439421,Agapanthia,http://www.wikidata.org/entity/Q21439421,52439;739334,Agapanthia;Agapanthia,739334,
Q10403226,Agnesiella,http://www.wikidata.org/entity/Q10403226,1154843;1667509,Agnesiella;Agnesiella,1154843,
Q119572410,Agnesiella,http://www.wikidata.org/entity/Q119572410,1154843;1667509,Agnesiella;Agnesiella,1667509,
Q21440670,Agonum,http://www.wikidata.org/entity/Q21440670,154600;1395737,Agonum;Agonum,1395737,
Q13234250,Agonum fallax,http://www.wikidata.org/entity/Q13234250,1249451;1681224,Agonum fallax;Agonum fallax,1249451,both are correct in a way... 1249451 and 1681224 seem just to be the same species and should be merged on inat
Q21441374,Agraphydrus,http://www.wikidata.org/entity/Q21441374,641690;1396733,Agraphydrus;Agraphydrus,1396733,
Q6080542,Agriades,http://www.wikidata.org/entity/Q6080542,209734;1456512,Agriades;Agriades,1456512,here the taxon tree between inat and wiki seem to differ -- inat seems to be more up-to-date than wiki
Q4694188,Agrisius japonicus,http://www.wikidata.org/entity/Q4694188,1265680;1364097,Agrisius japonicus;Agrisius japonicus,265680,
Q108068642,Agrisius leloii,http://www.wikidata.org/entity/Q108068642,1364098;1364094,Agrisius leloii;Agrisius leloii,1364094,Wikidata doesn't seem to have the complex 1364098
Q5022943,Alaria,http://www.wikidata.org/entity/Q5022943,124813;1579828,Alaria;Alaria,1579828,
Q4712739,Albugo ipomoeae-panduratae,http://www.wikidata.org/entity/Q4712739,774949;1577655,Albugo ipomoeae-panduratae;Albugo ipomoeae-panduratae,774949,
Q21440968,Aleochara,http://www.wikidata.org/entity/Q21440968,173233;1182432,Aleochara;Aleochara,1182432,
Q4721033,Alexandromys,http://www.wikidata.org/entity/Q4721033,887381;1431458,Alexandromys;Alexandromys,1431458,the taxon tree on wikidata here seems to differ from the one in inat
Q125399249,Alexandromys,http://www.wikidata.org/entity/Q125399249,887381;1431458,Alexandromys;Alexandromys,887381,
Q134006982,Alexandromys,http://www.wikidata.org/entity/Q134006982,887381;1431458,Alexandromys;Alexandromys,1431458,
Q108526678,Alfaria,http://www.wikidata.org/entity/Q108526678,1353598;1560252,Alfaria;Alfaria,1560252,
Q118460899,Alfaria,http://www.wikidata.org/entity/Q118460899,1353598;1560252,Alfaria;Alfaria,1353598,
Q4726221,Alicia,http://www.wikidata.org/entity/Q4726221,201297;1069902,Alicia;Alicia,1069902,
Q124258740,Aliena,http://www.wikidata.org/entity/Q124258740,711681;754344;1569045,Aliena;Aliena;Aliena,1569045,
Q38834566,Allawrencius,http://www.wikidata.org/entity/Q38834566,998018;1524372,Allawrencius;?,998018,
Q21441307,Allodonta,http://www.wikidata.org/entity/Q21441307,701642;1583545,Allodonta;Allodonta,1583545,
Q50749900,Alloeorhynchus,http://www.wikidata.org/entity/Q50749900,375430;1496470,Alloeorhynchus;Alloeorhynchus,1496470,
Q125829829,Alloschizidium mateui,http://www.wikidata.org/entity/Q125829829,1616565;1616566,Alloschizidium mateui;Alloschizidium mateui,1616566,
Q10406112,Alloteratura,http://www.wikidata.org/entity/Q10406112,767545;766415,Alloteratura;Alloteratura,766415,
Q17271385,Allotropa,http://www.wikidata.org/entity/Q17271385,62482;1340655,Allotropa;Allotropa,1340655,
Q15898839,Alluaudia,http://www.wikidata.org/entity/Q15898839,83774;83776,Alluaudia;Alluaudia,83774,
Q110901502,Aloconota,http://www.wikidata.org/entity/Q110901502,172846;1496492,Aloconota;Aloconota,1496492,
Q17198593,Alsophila,http://www.wikidata.org/entity/Q17198593,142347;174610,Alsophila;Alsophila,142347,
Q20871877,Alticola,http://www.wikidata.org/entity/Q20871877,45420;1431466,Alticola;Alticola,1431466,
Q18289564,Amana,http://www.wikidata.org/entity/Q18289564,450647;785496,Amana;Amana,785496,
Q81163917,Amanita albogrisescens,http://www.wikidata.org/entity/Q81163917,1425388;1558535,Amanita albogrisescens;Amanita albogrisescens,1425388,Wikidata doesn't seem to have the complex 1558535
Q10407296,Amanita arctica,http://www.wikidata.org/entity/Q10407296,1558541;1555623,Amanita arctica;Amanita arctica,1555623,Wikidata doesn't seem to have the complex 1558541
Q107480580,Amanita basiana,http://www.wikidata.org/entity/Q107480580,1558569;1558542,Amanita basiana;Amanita basiana,1558569,Wikidata doesn't seem to have the complex 1558542
Q81164007,Amanita betulae,http://www.wikidata.org/entity/Q81164007,1391418;1558539,Amanita betulae;Amanita betulae,1391418,Wikidata doesn't seem to have the complex 1558539
Q107481226,Amanita verrucosivolva,http://www.wikidata.org/entity/Q107481226,1558553;1558580,Amanita verrucosivolva;Amanita verrucosivolva,1558580,Wikidata doesn't seem to have the complex 1558553
Q107596033,Amanita vladimirii,http://www.wikidata.org/entity/Q107596033,1558543;1558570,Amanita vladimirii;Amanita vladimirii,1558570,Wikidata doesn't seem to have the complex 1558543
Q107481276,Amanita zonata,http://www.wikidata.org/entity/Q107481276,1558551;1558575,Amanita zonata;Amanita zonata,1558575,Wikidata doesn't seem to have the complex 1558551
Q4033867,Amara,http://www.wikidata.org/entity/Q4033867,130434;539019,Amara;Amara,539019,
Q21440556,Amaryllidinae,http://www.wikidata.org/entity/Q21440556,897755;924715,Amaryllidinae;Amaryllidinae,897755,
Q21445788,Amaryllidinae,http://www.wikidata.org/entity/Q21445788,897755;924715,Amaryllidinae;Amaryllidinae,924715,
Q119166652,Amaryllis,http://www.wikidata.org/entity/Q119166652,61828;897762,Amaryllis;Amaryllis,NONE,this is weird and seems to be a mistake -- there is no actual difference between this and Q15305080 besides the hayvan (turkish for animal) in parenthesis. Both items should be merged probably
Q130404467,Amatodes,http://www.wikidata.org/entity/Q130404467,1486119;1486132,Amatodes;Amatodes,1486119,
Q135340633,Amatodes,http://www.wikidata.org/entity/Q135340633,1486119;1486132,Amatodes;Amatodes,1486132,
Q14871139,Amaurina,http://www.wikidata.org/entity/Q14871139,857272;967574,Amaurina;Amaurina,857272,
Q55394769,Amaurina,http://www.wikidata.org/entity/Q55394769,857272;967574,Amaurina;Amaurina,967574,
Q21441011,Amauris,http://www.wikidata.org/entity/Q21441011,86372;967581,Amauris;Amauris,967581,
Q4740884,Amazonia,http://www.wikidata.org/entity/Q4740884,932446;1647656,Amazonia;Amazonia,932446,
Q8197176,Amblyanthus,http://www.wikidata.org/entity/Q8197176,883488;1069906,Amblyanthus;Amblyanthus,,
Q14528472,Amblypsilopus anomalicornis,http://www.wikidata.org/entity/Q14528472,1293737;1293821,Amblypsilopus anomalicornis;Amblypsilopus anomalicornis,1293821,Wikidata doesn't seem to have the complex 1293737
Q14528549,Amblypsilopus argyrodendron,http://www.wikidata.org/entity/Q14528549,1293735;1293816,Amblypsilopus argyrodendron;Amblypsilopus argyrodendron,1293816,Wikidata doesn't seem to have the complex 1293735
Q14528535,Amblypsilopus bertiensis,http://www.wikidata.org/entity/Q14528535,1293738;1293770,Amblypsilopus bertiensis;Amblypsilopus bertiensis,1293770,Wikidata doesn't seem to have the complex 1293738
Q14528517,Amblypsilopus cyplus,http://www.wikidata.org/entity/Q14528517,1293743;1293747,Amblypsilopus cyplus;Amblypsilopus cyplus,1293747,Wikidata doesn't seem to have the complex 1293743
Q110833051,Amblypsilopus flaviappendiculatus,http://www.wikidata.org/entity/Q110833051,1293740;1293762,Amblypsilopus flaviappendiculatus;Amblypsilopus flaviappendiculatus,1293762,Wikidata doesn't seem to have the complex 1293740
Q14528546,Amblypsilopus glaciunguis,http://www.wikidata.org/entity/Q14528546,1293736;1293818,Amblypsilopus glaciunguis;Amblypsilopus glaciunguis,1293818,Wikidata doesn't seem to have the complex 1293736
Q14528443,Amblypsilopus neoplatypus,http://www.wikidata.org/entity/Q14528443,1293715;1293730,Amblypsilopus neoplatypus;Amblypsilopus neoplatypus,1293730,Wikidata doesn't seem to have the complex 1293715
Q14527495,Amblypsilopus pallidicornis,http://www.wikidata.org/entity/Q14527495,1293732;1293833,Amblypsilopus pallidicornis;Amblypsilopus pallidicornis,1293833,Wikidata doesn't seem to have the complex 1293732
Q14528522,Amblypsilopus rimbija,http://www.wikidata.org/entity/Q14528522,1293742;1293750,Amblypsilopus rimbija;Amblypsilopus rimbija,1293750,Wikidata doesn't seem to have the complex 1293742
Q14528524,Amblypsilopus topendensis,http://www.wikidata.org/entity/Q14528524,1293741;1293756,Amblypsilopus topendensis;Amblypsilopus topendensis,1293756,Wikidata doesn't seem to have the complex 1293741
Q14528446,Amblypsilopus triscuticatus,http://www.wikidata.org/entity/Q14528446,1293731;1293796,Amblypsilopus triscuticatus;Amblypsilopus triscuticatus,1293796,Wikidata doesn't seem to have the complex 1293731
Q14528533,Amblypsilopus trogon,http://www.wikidata.org/entity/Q14528533,1293739;1293765,Amblypsilopus trogon;Amblypsilopus trogon,1293765,Wikidata doesn't seem to have the complex 1293739
Q107278071,Americana,http://www.wikidata.org/entity/Q107278071,1479826;1609626,Americana;Americana,NONE,wikidata item is animalia both inat entries are plantae
Q103995714,Ammatho,http://www.wikidata.org/entity/Q103995714,985363;1364465,Ammatho;Ammatho,1364465,
Q29922240,Ammatho,http://www.wikidata.org/entity/Q29922240,985363;1364465,Ammatho;Ammatho,985363,
Q10408569,Amphiacusta annulipes,http://www.wikidata.org/entity/Q10408569,1456378;1563633,Amphiacusta annulipes;Amphiacusta annulipes,,
Q10408571,Amphiacusta bahamensis,http://www.wikidata.org/entity/Q10408571,1563643;1563645,Amphiacusta bahamensis;Amphiacusta bahamensis,,
Q10408616,Amphiacusta mona,http://www.wikidata.org/entity/Q10408616,1563653;1563654,Amphiacusta mona;Amphiacusta mona,,
Q10408631,Amphiacusta pronauta,http://www.wikidata.org/entity/Q10408631,1563656;1563669,Amphiacusta pronauta;Amphiacusta pronauta,,
Q10408651,Amphiacusta variegata,http://www.wikidata.org/entity/Q10408651,1563673;1563675,Amphiacusta variegata;Amphiacusta variegata,,
Q110901510,Amphibolia,http://www.wikidata.org/entity/Q110901510,183378;184736;966028,Amphibolia;Amphibolia;Amphibolia,966028,
Q135901817,Amphicosmus,http://www.wikidata.org/entity/Q135901817,248118;1693604,Amphicosmus;Amphicosmus,1693604,
Q61467786,Amphiodia,http://www.wikidata.org/entity/Q61467786,56671;1297104,Amphiodia;Amphiodia,,
Q61467703,Amphioplus,http://www.wikidata.org/entity/Q61467703,247034;1297126,Amphioplus;Amphioplus,,
Q20087854,Amphipogon,http://www.wikidata.org/entity/Q20087854,577086;997047,Amphipogon;Amphipogon,997047,
Q64711470,Amphitrite,http://www.wikidata.org/entity/Q64711470,194006;1223034,Amphitrite;Amphitrite,1223034,
Q25368624,Amphitrite,http://www.wikidata.org/entity/Q25368624,194006;1223034,Amphitrite;Amphitrite,NONE,The genus od algae doesn't seem to exist in inat -- only the fungi (1223034) and the animalia (194006)
Q61467803,Amphiura,http://www.wikidata.org/entity/Q61467803,55180;1297101,Amphiura;Amphiura,,
Q110589315,Amphylaeus,http://www.wikidata.org/entity/Q110589315,574418;602804,Amphylaeus;Amphylaeus,602804,
Q21439966,Amusurgus,http://www.wikidata.org/entity/Q21439966,705395;767449,Amusurgus;Amusurgus,,
Q13367623,Anacampsis psoraliella,http://www.wikidata.org/entity/Q13367623,1261868;1292281,Anacampsis psoraliella;Anacampsis psoraliella,,
Q133281855,Anacis,http://www.wikidata.org/entity/Q133281855,375481;1673455,Anacis;Anacis,,
Q21440135,Anadrymadusa,http://www.wikidata.org/entity/Q21440135,741570;767604,Anadrymadusa;Anadrymadusa,,
Q28369228,Anaglyptus,http://www.wikidata.org/entity/Q28369228,86437;1243793,Anaglyptus;Anaglyptus,,
Q4751032,Analetia,http://www.wikidata.org/entity/Q4751032,1246117;1257628,Analetia;Analetia,,
Q6490784,Ananthura,http://www.wikidata.org/entity/Q6490784,784433;937208,Ananthura;Ananthura,,
Q51844089,Ananthura,http://www.wikidata.org/entity/Q51844089,784433;937208,Ananthura;Ananthura,,
Q10410329,Anapolisia modesta,http://www.wikidata.org/entity/Q10410329,1262780;1606223,Anapolisia modesta;Anapolisia modesta,,
Q27528321,Anapoma,http://www.wikidata.org/entity/Q27528321,640849;1257630,Anapoma;Anapoma,,
Q13429525,Anarbudas bipartita,http://www.wikidata.org/entity/Q13429525,1371583;1371581,Anarbudas bipartita;Anarbudas bipartita,,
Q13369959,Anarbudas insignis,http://www.wikidata.org/entity/Q13369959,1371578;1371582,Anarbudas insignis;Anarbudas insignis,,
Q112958734,Anasimyia anausis,http://www.wikidata.org/entity/Q112958734,1144223;1239734,Anasimyia anausis;Anasimyia anausis,,
Q50745818,Anaspis,http://www.wikidata.org/entity/Q50745818,173182;1516516,Anaspis;Anaspis,,
Q87141717,Anaspis,http://www.wikidata.org/entity/Q87141717,173182;1516516,Anaspis;Anaspis,,
Q136450906,Anatherum glomeratum,http://www.wikidata.org/entity/Q136450906,1617154;1619460,Anatherum glomeratum;Anatherum glomeratum,,
Q10410511,Anaulacomera cercalis,http://www.wikidata.org/entity/Q10410511,1240009;1240010,Anaulacomera cercalis;Anaulacomera cercalis,,
Q13370822,Anaulacomera juanchoi,http://www.wikidata.org/entity/Q13370822,1240077;1240078,Anaulacomera juanchoi;Anaulacomera juanchoi,,
Q10410563,Anaulacomera poculigera,http://www.wikidata.org/entity/Q10410563,1240058;1240059,Anaulacomera poculigera;Anaulacomera poculigera,,
Q10410569,Anaulacomera schunkei,http://www.wikidata.org/entity/Q10410569,1240025;1240028,Anaulacomera schunkei;Anaulacomera schunkei,,
Q4752431,Anaxarcha acuta,http://www.wikidata.org/entity/Q4752431,749281;1659898,Anaxarcha acuta;Anaxarcha acuta,,
Q4752430,Anaxarcha graminea,http://www.wikidata.org/entity/Q4752430,749282;1659897,Anaxarcha graminea;Anaxarcha graminea,,
Q17378097,Anchieta,http://www.wikidata.org/entity/Q17378097,1049526;1180762,Anchieta;Anchieta,,
Q10411035,Ancylistes,http://www.wikidata.org/entity/Q10411035,550618;1184187;1184186,Ancylistes;Ancylistes;Ancylistes,,
Q16267095,Ancylotropis,http://www.wikidata.org/entity/Q16267095,508814;913398,Ancylotropis;Ancylotropis,,
Q105960477,Andina,http://www.wikidata.org/entity/Q105960477,964869;1578028,Andina;Andina,,
Q96078475,Andinia,http://www.wikidata.org/entity/Q96078475,140969;1425472;1433569,Andinia;Andinia;Andinia,,
Q18519513,Andiorrhinus,http://www.wikidata.org/entity/Q18519513,1502034;1502025,Andiorrhinus;Andiorrhinus,,
Q21439885,Andiorrhinus,http://www.wikidata.org/entity/Q21439885,1502034;1502025,Andiorrhinus;Andiorrhinus,,
Q61467839,Andora,http://www.wikidata.org/entity/Q61467839,349922;1297096,Andora;Andora,,
Q105483796,Andora,http://www.wikidata.org/entity/Q105483796,349922;1297096,Andora;Andora,,
Q21440361,Andrena,http://www.wikidata.org/entity/Q21440361,57669;571358,Andrena;Andrena,,
Q15958331,Andriana,http://www.wikidata.org/entity/Q15958331,464896;753485,Andriana;Andriana,,
Q15943885,Androya,http://www.wikidata.org/entity/Q15943885,941819;1093257,Androya;Androya,,
Q15490,Androya,http://www.wikidata.org/entity/Q15490,941819;1093257,Androya;Androya,,
Q10411575,Anelytra,http://www.wikidata.org/entity/Q10411575,767235;767507,Anelytra;Anelytra,,
Q107273083,Anemone,http://www.wikidata.org/entity/Q107273083,883652;1318621;1318624,Anemone;Anemone;Anemone,,
Q21346101,Anemozara,http://www.wikidata.org/entity/Q21346101,767424;766841,Anemozara;Anemozara,,
Q21218425,Anemozara,http://www.wikidata.org/entity/Q21218425,767424;766841,Anemozara;Anemozara,,
Q10411628,Anepitacta,http://www.wikidata.org/entity/Q10411628,767543;767267,Anepitacta;Anepitacta,,
Q21439472,Anisodactylus,http://www.wikidata.org/entity/Q21439472,121337;1496496,Anisodactylus;Anisodactylus,,
Q17457769,Anisomeria,http://www.wikidata.org/entity/Q17457769,519909;853973,Anisomeria;Anisomeria,,
Q111286444,Anisoptera,http://www.wikidata.org/entity/Q111286444,47927;184734;767528,Anisoptera;Anisoptera;Anisoptera,,
Q41151022,Annularia,http://www.wikidata.org/entity/Q41151022,246514;1443556,Annularia;Annularia,,
Q105134179,Annularia,http://www.wikidata.org/entity/Q105134179,246514;1443556,Annularia;Annularia,,
Q101584332,Annulata,http://www.wikidata.org/entity/Q101584332,1397999;1488097,Annulata;Annulata,,
Q30149666,Anomalina,http://www.wikidata.org/entity/Q30149666,606355;1582187,Anomalina;Anomalina,,
Q21439154,Anomotarus,http://www.wikidata.org/entity/Q21439154,375530;1496497,Anomotarus;Anomotarus,,
Q16687435,Anopheles,http://www.wikidata.org/entity/Q16687435,146949;1450476,Anopheles;Anopheles,,
Q50752446,Anoplius,http://www.wikidata.org/entity/Q50752446,173119;519173,Anoplius;Anoplius,,
Q50746242,Anoxia,http://www.wikidata.org/entity/Q50746242,245862;742029,Anoxia;Anoxia,,
Q138663520,Anteliomys,http://www.wikidata.org/entity/Q138663520,1430994;1431312,Anteliomys;Anteliomys,,
Q111286404,Antennaria,http://www.wikidata.org/entity/Q111286404,51901;421718,Antennaria;Antennaria,,
Q10413099,Antennaria,http://www.wikidata.org/entity/Q10413099,51901;421718,Antennaria;Antennaria,,
Q11841190,Anterastes babadaghi,http://www.wikidata.org/entity/Q11841190,1563880;1563881,Anterastes babadaghi;Anterastes babadaghi,,
Q10413141,Anterastes uludaghensis,http://www.wikidata.org/entity/Q10413141,1563898;1563902,Anterastes uludaghensis;Anterastes uludaghensis,,
Q18480951,Anthaxia funerula,http://www.wikidata.org/entity/Q18480951,1463909;1463908,Anthaxia funerula;Anthaxia funerula,,
Q135484059,Anthelephila imperatrix,http://www.wikidata.org/entity/Q135484059,900741;1597377,Anthelephila imperatrix;Anthelephila imperatrix,,
Q21440116,Anthia,http://www.wikidata.org/entity/Q21440116,196934;570738,Anthia;Anthia,,
Q119571568,Anthocomus,http://www.wikidata.org/entity/Q119571568,320563;1349371,Anthocomus;Anthocomus,,
Q2322600,Anthrenus pulchellus,http://www.wikidata.org/entity/Q2322600,1688282;1681182,Anthrenus pulchellus;Anthrenus pulchellus,,
Q4774635,Anticlea,http://www.wikidata.org/entity/Q4774635,118831;174611,Anticlea;Anticlea,,
Q105132228,Antimerina,http://www.wikidata.org/entity/Q105132228,422163;1595122,Antimerina;Antimerina,,
Q17397572,Antimima,http://www.wikidata.org/entity/Q17397572,184138;184731,Antimima;Antimima,,
Q14676199,Antonia,http://www.wikidata.org/entity/Q14676199,475217;639814,Antonia;Antonia,,
Q16947619,Aoria,http://www.wikidata.org/entity/Q16947619,551342;1135702,Aoria;Aoria,,
Q9624966,Aphaenogaster crocea,http://www.wikidata.org/entity/Q9624966,1428369;1458383,Aphaenogaster crocea;Aphaenogaster crocea,,
Q9625396,Aphaenogaster phalangium,http://www.wikidata.org/entity/Q9625396,1267260;1433134,Aphaenogaster phalangium;Aphaenogaster phalangium,,
Q15960490,Aphanosperma,http://www.wikidata.org/entity/Q15960490,273514;1169039,Aphanosperma;Aphanosperma,273514,
Q13383817,Aphantocephala fragilis,http://www.wikidata.org/entity/Q13383817,1319468;1371588,Aphantocephala fragilis;Aphantocephala fragilis,,
Q13383819,Aphantocephala moluccarum,http://www.wikidata.org/entity/Q13383819,1371589;1371584,Aphantocephala moluccarum;Aphantocephala moluccarum,,
Q50754623,Aphelia,http://www.wikidata.org/entity/Q50754623,173072;173071,Aphelia;Aphelia,,
Q10415316,Aphonoides australis,http://www.wikidata.org/entity/Q10415316,1261726;1261727,Aphonoides australis;Aphonoides australis,,
Q11841239,Aphonoides biangri,http://www.wikidata.org/entity/Q11841239,1261730;1261731,Aphonoides biangri;Aphonoides biangri,,
Q10415328,Aphonoides debilis,http://www.wikidata.org/entity/Q10415328,1261740;1261741,Aphonoides debilis;Aphonoides debilis,,
Q124211279,Aphyllae,http://www.wikidata.org/entity/Q124211279,1127005;1415930,Aphyllae;Aphyllae,,
Q110901536,Apis,http://www.wikidata.org/entity/Q110901536,47220;578086,Apis;Apis,578086,
Q17397573,Apluda,http://www.wikidata.org/entity/Q17397573,533150;1330605,Apluda;Apluda,,
Q7307471,Apoda,http://www.wikidata.org/entity/Q7307471,173085;1425485,Apoda;Apoda,,
Q4780163,Apodasmia,http://www.wikidata.org/entity/Q4780163,378738;892392,Apodasmia;Apodasmia,,
Q10415943,Apodesmoptera,http://www.wikidata.org/entity/Q10415943,754470;764141,Apodesmoptera;Apodesmoptera,,
Q138309703,Apoica,http://www.wikidata.org/entity/Q138309703,194057;1375242,Apoica;Apoica,,
Q134294490,Apomys,http://www.wikidata.org/entity/Q134294490,45654;1431411,Apomys;Apomys,,
Q110540980,Aporocera,http://www.wikidata.org/entity/Q110540980,375593;898097,Aporocera;Aporocera,,
Q22106158,Apotropina,http://www.wikidata.org/entity/Q22106158,375594;705369,Apotropina;Apotropina,,
Q18729885,Apseudomorpha,http://www.wikidata.org/entity/Q18729885,248742;983429,Apseudomorpha;Apseudomorpha,,
Q10416358,Apterogryllus brunnerianus,http://www.wikidata.org/entity/Q10416358,1562230;1562232,Apterogryllus brunnerianus;Apterogryllus brunnerianus,,
Q10416368,Apterogryllus palpatus,http://www.wikidata.org/entity/Q10416368,1381401;1562254,Apterogryllus palpatus;Apterogryllus palpatus,,
Q50750798,Apterola,http://www.wikidata.org/entity/Q50750798,363371;1137748,Apterola;Apterola,,
Q13489005,Aracamunia,http://www.wikidata.org/entity/Q13489005,554309;796650,Aracamunia;Aracamunia,,
Q10416599,Arachnomimus,http://www.wikidata.org/entity/Q10416599,766844;767426,Arachnomimus;Arachnomimus,,
Q51902621,Arachnoscelis,http://www.wikidata.org/entity/Q51902621,244839;767589,Arachnoscelis;Arachnoscelis,,
Q93746874,Arawakia,http://www.wikidata.org/entity/Q93746874,83682;1341826,Arawakia;Arawakia,,
Q119571461,Arboridia,http://www.wikidata.org/entity/Q119571461,173003;631633,Arboridia;Arboridia,,
Q10417115,Arbusculina irregularis,http://www.wikidata.org/entity/Q10417115,1684336;1684345,Arbusculina irregularis;Arbusculina irregularis,,
Q10417189,Archethopolys,http://www.wikidata.org/entity/Q10417189,999705;999952,Archethopolys;Archethopolys,,
Q110901544,Archichauliodes,http://www.wikidata.org/entity/Q110901544,47855;1452207,Archichauliodes;Archichauliodes,,
Q2080031,Archichauliodes guttiferus,http://www.wikidata.org/entity/Q2080031,892890;1592166,Archichauliodes guttiferus;Archichauliodes guttiferus,,
Q2676845,Archichauliodes polypastus,http://www.wikidata.org/entity/Q2676845,1158982;1592169,Archichauliodes polypastus;Archichauliodes polypastus,,
Q2500957,Archichauliodes uncinatus,http://www.wikidata.org/entity/Q2500957,1362780;1592172,Archichauliodes uncinatus;Archichauliodes uncinatus,,
Q30166558,Arcyptera,http://www.wikidata.org/entity/Q30166558,122700;764117,Arcyptera;Arcyptera,,
Q10417445,Arenobius,http://www.wikidata.org/entity/Q10417445,999954;999706,Arenobius;Arenobius,,
Q9628195,Aretia,http://www.wikidata.org/entity/Q9628195,1334451;1334497,Aretia;Aretia,,
Q21440924,Argyarctia,http://www.wikidata.org/entity/Q21440924,714292;1392412,Argyarctia;Argyarctia,,
Q50754496,Argynnis,http://www.wikidata.org/entity/Q50754496,1117856;1456550,Argynnis;Argynnis,,
Q14925646,Ariphron,http://www.wikidata.org/entity/Q14925646,1640089;1640091,Ariphron;Ariphron,,
Q2748035,Aristosyrphus,http://www.wikidata.org/entity/Q2748035,1466333;1627853,Aristosyrphus;Aristosyrphus,,
Q10417960,Aritella duldrana,http://www.wikidata.org/entity/Q10417960,1543590;1543589,Aritella duldrana;Aritella duldrana,,
Q10417961,Aritella dumpalia,http://www.wikidata.org/entity/Q10417961,1543593;1543592,Aritella dumpalia;Aritella dumpalia,,
Q10417968,Aritella ilya,http://www.wikidata.org/entity/Q10417968,1543597;1543596,Aritella ilya;Aritella ilya,,
Q10417970,Aritella leengila,http://www.wikidata.org/entity/Q10417970,1543602;1543601,Aritella leengila;Aritella leengila,,
Q4791157,Arivaca albicostella,http://www.wikidata.org/entity/Q4791157,1292728;1337099,Arivaca albicostella;Arivaca albicostella,,
Q2338055,Armadillidium sordidum,http://www.wikidata.org/entity/Q2338055,951141;1637191,Armadillidium sordidum;Armadillidium sordidum,,
Q81220077,Arnoldiella,http://www.wikidata.org/entity/Q81220077,640581;880966,Arnoldiella;Arnoldiella,,
Q50739975,Arrenurus,http://www.wikidata.org/entity/Q50739975,121463;1008012,Arrenurus;Arrenurus,,
Q42415900,Arthroceras,http://www.wikidata.org/entity/Q42415900,931442;1269558,Arthroceras;Arthroceras,,
Q4797645,Arthroceras,http://www.wikidata.org/entity/Q4797645,931442;1269558,Arthroceras;Arthroceras,,
Q23759714,Articulina,http://www.wikidata.org/entity/Q23759714,532861;841119,Articulina;Articulina,,
Q21441090,Artona,http://www.wikidata.org/entity/Q21441090,124700;1525997,Artona;Artona,,
Q21441524,Asellus,http://www.wikidata.org/entity/Q21441524,153339;1352305,Asellus;Asellus,,
Q28170488,Asemeia,http://www.wikidata.org/entity/Q28170488,355608;544506,Asemeia;Asemeia,,
Q21441390,Asilis,http://www.wikidata.org/entity/Q21441390,375644;1496499,Asilis;Asilis,,
Q107274089,Aspera,http://www.wikidata.org/entity/Q107274089,714973;1435064,Aspera;Aspera,,
Q10420017,Aspergillus leucocarpus,http://www.wikidata.org/entity/Q10420017,1408981;1408980,Aspergillus leucocarpus;Aspergillus leucocarpus,1408981,
Q107493972,Aspergillus tamarindosoli,http://www.wikidata.org/entity/Q107493972,1408991;1408992,Aspergillus tamarindosoli;Aspergillus tamarindosoli,,
Q60520477,Aspergillus teporis,http://www.wikidata.org/entity/Q60520477,1408993;1408994,Aspergillus teporis;Aspergillus teporis,,
Q28432787,Aspergillus xerophilus,http://www.wikidata.org/entity/Q28432787,1408996;1408995,Aspergillus xerophilus;Aspergillus xerophilus,,
Q61446506,Asprella,http://www.wikidata.org/entity/Q61446506,1444210;1444209,Asprella;Asprella,,
Q50747427,Astenus,http://www.wikidata.org/entity/Q50747427,173034;1348569,Astenus;Astenus,,
Q61466676,Asteriscus,http://www.wikidata.org/entity/Q61466676,71115;1297070,Asteriscus;Asteriscus,1297070,
Q10420741,Asterococcus schimae,http://www.wikidata.org/entity/Q10420741,1662248;1661602,Asterococcus schimae;Asterococcus schimae,1662248,
Q61467811,Asteroporpa,http://www.wikidata.org/entity/Q61467811,247025;1297100,Asteroporpa;Asteroporpa,,
Q12155951,Astraea,http://www.wikidata.org/entity/Q12155951,86695;83247,Astraea;Astraea,,
Q110901556,Astraeus,http://www.wikidata.org/entity/Q110901556,48774;334065,Astraeus;Astraeus,NONE,but seems to be a subgenus of 334065
Q25495913,Astrophea,http://www.wikidata.org/entity/Q25495913,1254713;1264490,Astrophea;Astrophea,,
Q119571391,Asura,http://www.wikidata.org/entity/Q119571391,124525;1364879,Asura;Asura,1364879,
Q21438280,Atarba,http://www.wikidata.org/entity/Q21438280,247964;1656235,Atarba;Atarba,,
Q95452023,Ateleia,http://www.wikidata.org/entity/Q95452023,139604;1203397,Ateleia;Ateleia,,
Q64845998,Athalia bicolor,http://www.wikidata.org/entity/Q64845998,987998;1388324,Athalia bicolor;Athalia bicolor,,
Q21439399,Atheta,http://www.wikidata.org/entity/Q21439399,172978;1365700,Atheta;Atheta,,
Q13402433,Athetis fasciata,http://www.wikidata.org/entity/Q13402433,1275778;1580958,Athetis fasciata;Athetis fasciata,,
Q4813623,Athetis lineosa,http://www.wikidata.org/entity/Q4813623,1245826;1580955,Athetis lineosa;Athetis lineosa,,
Q21439931,Athous,http://www.wikidata.org/entity/Q21439931,86722;1555473,Athous;Athous,,
Q8208374,Atkinsonia,http://www.wikidata.org/entity/Q8208374,848827;1133662,Atkinsonia;Atkinsonia,848827,
Q10421647,Atlanticus kulingensis,http://www.wikidata.org/entity/Q10421647,1564044;1564050,Atlanticus kulingensis;Atlanticus kulingensis,,
Q10421650,Atlanticus magnificus,http://www.wikidata.org/entity/Q10421650,1504498;1564017,Atlanticus magnificus;Atlanticus magnificus,,
Q10421652,Atlanticus palpalis,http://www.wikidata.org/entity/Q10421652,1564084;1564090,Atlanticus palpalis;Atlanticus palpalis,,
Q50743815,Atomaria,http://www.wikidata.org/entity/Q50743815,174609;829646,Atomaria;Atomaria,,
Q2327790,Attagenus aeneus,http://www.wikidata.org/entity/Q2327790,1613654;1614772,Attagenus aeneus;Attagenus aeneus,,
Q119573664,Attenuipyga,http://www.wikidata.org/entity/Q119573664,172931;1068260,Attenuipyga;Attenuipyga,,
Q138040418,Attulus,http://www.wikidata.org/entity/Q138040418,420268;1587798,Attulus;Attulus,,
Q56353118,Audibertia,http://www.wikidata.org/entity/Q56353118,1487166;1487165,Audibertia;Audibertia,,
Q50693439,Augustia,http://www.wikidata.org/entity/Q50693439,1010723;1191462,Augustia;Augustia,1191462,
Q112189379,Aureonarius,http://www.wikidata.org/entity/Q112189379,1417328;1433702;1433703,Aureonarius;Aureonarius;Aureonarius,,
Q67002933,Auricula,http://www.wikidata.org/entity/Q67002933,742765;1269419,Auricula;Auricula,NONE,wikidata is a genus - inat a section (742765)
Q116236536,Auricula,http://www.wikidata.org/entity/Q116236536,742765;1269419,Auricula;Auricula,NONE,new taxon (discovered in 2022) probably not yet on inat
Q29388149,Auricula,http://www.wikidata.org/entity/Q29388149,742765;1269419,Auricula;Auricula,NONE,not accepted according to https://www.marinespecies.org/aphia.php?p=taxdetails&id=206435
Q25661362,Auricula,http://www.wikidata.org/entity/Q25661362,742765;1269419,Auricula;Auricula,1269419,
Q14534739,Austrosciapus sarinensis,http://www.wikidata.org/entity/Q14534739,1531093;1531094,Austrosciapus sarinensis;Austrosciapus sarinensis,,
Q14535162,Austrosciapus storeyi,http://www.wikidata.org/entity/Q14535162,1534531;1534532,Austrosciapus storeyi;Austrosciapus storeyi,,
Q110921255,Austrosciapus tumidus,http://www.wikidata.org/entity/Q110921255,1528028;1528026,Austrosciapus tumidus;Austrosciapus tumidus,,
Q10423428,Autonoe,http://www.wikidata.org/entity/Q10423428,644103;1584270,Autonoe;Autonoe,644103,
Q14480668,Axestotrigona,http://www.wikidata.org/entity/Q14480668,1340001;1581679,Axestotrigona;Axestotrigona,,
Q113299852,Azaleastrum,http://www.wikidata.org/entity/Q113299852,855416;920528,Azaleastrum;Azaleastrum,,
Q4034791,Bacteria,http://www.wikidata.org/entity/Q4034791,47319;67333,Bacteria;Bacteria,47319,
Q50754587,Bactra,http://www.wikidata.org/entity/Q50754587,173465;1520566,Bactra;Bactra,,
Q66821463,Bactridium,http://www.wikidata.org/entity/Q66821463,174607;174597;711704,Bactridium;Bactridium;Bactridium,NONE,seems outdated
Q105134192,Bactridium,http://www.wikidata.org/entity/Q105134192,174607;174597;711704,Bactridium;Bactridium;Bactridium,174597,inat has a more complete taxon tree than ncbi and gbif -- it is probably the same but it seems a bit off
Q4034799,Badister,http://www.wikidata.org/entity/Q4034799,57851;1178506,Badister;Badister,,
Q25661266,Baileya,http://www.wikidata.org/entity/Q25661266,68539;144105;1459773,Baileya;Baileya;Baileya,,
Q23048251,Balladyna,http://www.wikidata.org/entity/Q23048251,487295;1258959,Balladyna;Balladyna,487295,
Q111029131,Baltazaria,http://www.wikidata.org/entity/Q111029131,639585;1244486,Baltazaria;Baltazaria,,
Q64755616,Bambusicola,http://www.wikidata.org/entity/Q64755616,1205;1258308,Bambusicola;Bambusicola,1258308,
Q3773609,Bambusinae,http://www.wikidata.org/entity/Q3773609,1136658;1509000,Bambusinae;Bambusinae,1136658,
Q9648104,Baptistonia,http://www.wikidata.org/entity/Q9648104,1645432;1645433,Baptistonia;Baptistonia,,
Q56569579,Baritius grandis,http://www.wikidata.org/entity/Q56569579,1332455;1666305,Baritius grandis;Baritius grandis,,
Q115688007,Barsine flammealis,http://www.wikidata.org/entity/Q115688007,624901;1364921,Barsine flammealis;Barsine flammealis,,
Q51087009,Barsine obsoleta,http://www.wikidata.org/entity/Q51087009,1292375;1364922,Barsine obsoleta;Barsine obsoleta,,
Q128723562,Barsipennis,http://www.wikidata.org/entity/Q128723562,992511;1692479,Barsipennis;Barsipennis,,
Q104037071,Barsipennis,http://www.wikidata.org/entity/Q104037071,992511;1692479,Barsipennis;Barsipennis,,
Q104037103,Barsura,http://www.wikidata.org/entity/Q104037103,993616;1364962,Barsura;Barsura,,
Q38066440,Barsura,http://www.wikidata.org/entity/Q38066440,993616;1364962,Barsura;Barsura,,
Q20054185,Bartlettia,http://www.wikidata.org/entity/Q20054185,156887;149990,Bartlettia;Bartlettia,,
Q106131678,Basedowia,http://www.wikidata.org/entity/Q106131678,634525;1485628,Basedowia;Basedowia,1485628,
Q4868755,Batella,http://www.wikidata.org/entity/Q4868755,875696;1298237,Batella;Batella,875696,
Q4868757,Batella,http://www.wikidata.org/entity/Q4868757,875696;1298237,Batella;Batella,1298237,
Q21440539,Bebearia,http://www.wikidata.org/entity/Q21440539,149041;891564,Bebearia;Bebearia,,
Q17272557,Belemia,http://www.wikidata.org/entity/Q17272557,1069943;1189107,Belemia;Belemia,,
Q15931230,Bellardia,http://www.wikidata.org/entity/Q15931230,51287;490426,Bellardia;Bellardia,,
Q119478824,Bembidion,http://www.wikidata.org/entity/Q119478824,130639;555786,Bembidion;Bembidion,,
Q29388299,Bembidion,http://www.wikidata.org/entity/Q29388299,130639;555786,Bembidion;Bembidion,,
Q124433997,Benjaminia,http://www.wikidata.org/entity/Q124433997,272841;638719;1043864,Benjaminia;Benjaminia;Benjaminia,NONE,
Q124433987,Benjaminia,http://www.wikidata.org/entity/Q124433987,272841;638719;1043864,Benjaminia;Benjaminia;Benjaminia,NONE,
Q123250962,Benna,http://www.wikidata.org/entity/Q123250962,1179235;1545971,Benna;Benna,1545971,
Q14746842,Benna,http://www.wikidata.org/entity/Q14746842,1179235;1545971,Benna;Benna,1179235,
Q61669200,Bergia,http://www.wikidata.org/entity/Q61669200,72005;1005154,Bergia;Bergia,NONE,this worm taxon was removed from the Catalogue of Life https://www.catalogueoflife.org/data/taxon/84LT2
Q22979470,Bergia,http://www.wikidata.org/entity/Q22979470,72005;1005154,Bergia;Bergia,1005154,
Q50746533,Berosus,http://www.wikidata.org/entity/Q50746533,173368;1404530,Berosus;Berosus,,
Q50750750,Berytinus,http://www.wikidata.org/entity/Q50750750,204875;1200652,Berytinus;Berytinus,,
Q15711357,Bia,http://www.wikidata.org/entity/Q15711357,61286;1069144,Bia;Bia,,
Q10429696,Binaluacris,http://www.wikidata.org/entity/Q10429696,752960;764113,Binaluacris;Binaluacris,,
Q21438819,Bireta,http://www.wikidata.org/entity/Q21438819,124776;1583912,Bireta;Bireta,,
Q18523314,Biula,http://www.wikidata.org/entity/Q18523314,1196607;1583968,Biula;Biula,,
Q21438787,Biula,http://www.wikidata.org/entity/Q21438787,1196607;1583968,Biula;Biula,,
Q10430803,Blaberus brasilianus,http://www.wikidata.org/entity/Q10430803,921113;1619957,Blaberus brasilianus;Blaberus brasilianus,,
Q11841744,Blomia,http://www.wikidata.org/entity/Q11841744,249610;317923,Blomia;Blomia,,
Q10431862,Bobilla plurampe,http://www.wikidata.org/entity/Q10431862,1564108;1564106,Bobilla plurampe;Bobilla plurampe,,
Q127692946,Boea,http://www.wikidata.org/entity/Q127692946,369791;1571553,Boea;Boea,,
Q30106372,Bolitophila,http://www.wikidata.org/entity/Q30106372,634899;788281,Bolitophila;Bolitophila,,
Q21440357,Boloria,http://www.wikidata.org/entity/Q21440357,58573;1456705,Boloria;Boloria,,
Q50747730,Bombylius,http://www.wikidata.org/entity/Q50747730,51559;1367215,Bombylius;Bombylius,1367215,
Q15974772,Bonellia,http://www.wikidata.org/entity/Q15974772,118515;317736,Bonellia;Bonellia,,
Q21440979,Bordea,http://www.wikidata.org/entity/Q21440979,419085;864558,Bordea;Bordea,,
Q110458907,Bothroponera pumicosa,http://www.wikidata.org/entity/Q110458907,428333;1469717,Bothroponera pumicosa;Bothroponera pumicosa,,
Q110458866,Bothroponera talpa,http://www.wikidata.org/entity/Q110458866,1469728;1469735,Bothroponera talpa;Bothroponera talpa,,
Q110458858,Bothroponera wasmannii,http://www.wikidata.org/entity/Q110458858,1469734;1469742,Bothroponera wasmannii;Bothroponera wasmannii,,
Q13422588,Bouchetia,http://www.wikidata.org/entity/Q13422588,156347;826471,Bouchetia;Bouchetia,,
Q192205,Bovini,http://www.wikidata.org/entity/Q192205,846321;1152400;1510787,Bovini;Bovini;Bovini,,
Q116262299,Bowie argentipes,http://www.wikidata.org/entity/Q116262299,1419460;1643696,Bowie argentipes;Bowie argentipes,,
Q17264548,Brachycerinae,http://www.wikidata.org/entity/Q17264548,1125448;1659207,Brachycerinae;Brachycerinae,,
Q87249348,Brachychaeta,http://www.wikidata.org/entity/Q87249348,1454398;1535545,Brachychaeta;Brachychaeta,,
Q13635209,Brachychaeta,http://www.wikidata.org/entity/Q13635209,1454398;1535545,Brachychaeta;Brachychaeta,,
Q19596172,Brachynema,http://www.wikidata.org/entity/Q19596172,576353;574100;574103,Brachynema;Brachynema;Brachynema,574103,
Q8251477,Brachynema,http://www.wikidata.org/entity/Q8251477,576353;574100;574103,Brachynema;Brachynema;Brachynema,576353,here is something wrong both the taxon tree(s) -- but it should be this one
Q50740087,Brachypoda,http://www.wikidata.org/entity/Q50740087,153141;249396,Brachypoda;Brachypoda,,
Q18518457,Brachypoda,http://www.wikidata.org/entity/Q18518457,153141;249396,Brachypoda;Brachypoda,,
Q110560106,Brachypodium,http://www.wikidata.org/entity/Q110560106,57159;1085985,Brachypodium;Brachypodium,,
Q28873384,Brachypus,http://www.wikidata.org/entity/Q28873384,906185;1069959,Brachypus;Brachypus,1069959,
Q28873404,Brachypus,http://www.wikidata.org/entity/Q28873404,906185;1069959,Brachypus;Brachypus,,
Q14923072,Brachypus,http://www.wikidata.org/entity/Q14923072,906185;1069959,Brachypus;Brachypus,,
Q45890862,Brachythrix,http://www.wikidata.org/entity/Q45890862,248148;575621,Brachythrix;Brachythrix,248148,
Q50754788,Bradyporus,http://www.wikidata.org/entity/Q50754788,433306;767497,Bradyporus;Bradyporus,,
Q13444847,Bradyporus dilatatus,http://www.wikidata.org/entity/Q13444847,1511690;1558934,Bradyporus dilatatus;Bradyporus dilatatus,1511690,
Q18601102,Branchiura,http://www.wikidata.org/entity/Q18601102,171757;372778,Branchiura;Branchiura,,
Q21367358,Braunsia,http://www.wikidata.org/entity/Q21367358,568497;796482,Braunsia;Braunsia,796482,
Q63043469,Bremeria,http://www.wikidata.org/entity/Q63043469,451747;1399963,Bremeria;Bremeria,,
Q10435494,Brevizacla,http://www.wikidata.org/entity/Q10435494,766805;767401,Brevizacla;Brevizacla,,
Q21441286,Brevizacla,http://www.wikidata.org/entity/Q21441286,766805;767401,Brevizacla;Brevizacla,,
Q27896121,Brezia,http://www.wikidata.org/entity/Q27896121,1569960;1569966,Brezia;Brezia,,
Q4972610,Brocchinia,http://www.wikidata.org/entity/Q4972610,142335;845538,Brocchinia;Brocchinia,845538,
Q25661614,Brunia,http://www.wikidata.org/entity/Q25661614,125961;126027;735028,Brunia;Brunia;Brunia,NONE,algae with this name doesn't seem to be on inat -- removed according to https://www.gbif.org/species/7638480
Q137885663,Brunia,http://www.wikidata.org/entity/Q137885663,125961;126027;735028,Brunia;Brunia;Brunia,NONE,wikidata is the sugebus of 125961 -- subgenus seems to be missing on inat
Q111030976,Bryophyllum,http://www.wikidata.org/entity/Q111030976,135235;962989,Bryophyllum;Bryophyllum,,
Q50753919,Bryopsis,http://www.wikidata.org/entity/Q50753919,63632;1253504,Bryopsis;Bryopsis,,
Q14618051,Bucephalina,http://www.wikidata.org/entity/Q14618051,1465660;1465659,Bucephalina;Bucephalina,,
Q8253270,Buceras,http://www.wikidata.org/entity/Q8253270,1092884;1092922,Buceras;Buceras,,
Q129938835,Buchanania,http://www.wikidata.org/entity/Q129938835,184498;1403882,Buchanania;Buchanania,,
Q50813202,Bulgariella,http://www.wikidata.org/entity/Q50813202,379498;1191482,Bulgariella;Bulgariella,1191482,
Q10437689,Bumacris,http://www.wikidata.org/entity/Q10437689,752963;764115,Bumacris;Bumacris,,
Q21438892,Buprestis,http://www.wikidata.org/entity/Q21438892,87131;541025,Buprestis;Buprestis,,
Q17517141,Buprestis,http://www.wikidata.org/entity/Q17517141,87131;541025,Buprestis;Buprestis,,
Q107307702,Burnettia,http://www.wikidata.org/entity/Q107307702,324016;865262,Burnettia;Burnettia,865262,
Q46674974,Bursaria,http://www.wikidata.org/entity/Q46674974,83575;1051126,Bursaria;Bursaria,1051126,taxon tree seems to be lacking information
Q11962637,Butleria,http://www.wikidata.org/entity/Q11962637,468490;468489,Butleria;Butleria,468489,
Q21441050,Butleria,http://www.wikidata.org/entity/Q21441050,468490;468489,Butleria;Butleria,NONE,wikidata is the sugebus of 468489 -- subgenus seems to be missing on inat
Q29727585,Byzantorhopalum,http://www.wikidata.org/entity/Q29727585,997435;1296987,Byzantorhopalum;Byzantorhopalum,997435,
Q119571535,Cacia,http://www.wikidata.org/entity/Q119571535,737117;1428266,Cacia;Cacia,,
Q111270119,Cacoplistes,http://www.wikidata.org/entity/Q111270119,746793;767392,Cacoplistes;Cacoplistes,,
Q14840918,Cacostola ornata,http://www.wikidata.org/entity/Q14840918,1645294;1645295,Cacostola ornata;Cacostola ornata,,
Q111270140,Cadmus,http://www.wikidata.org/entity/Q111270140,488712;1224936,Cadmus;Cadmus,,
Q10439163,Caedicia acutifolia,http://www.wikidata.org/entity/Q10439163,1538798;1538799,Caedicia acutifolia;Caedicia acutifolia,,
Q10439176,Caedicia gloriosa,http://www.wikidata.org/entity/Q10439176,1538986;1538987,Caedicia gloriosa;Caedicia gloriosa,,
Q27895194,Caesia,http://www.wikidata.org/entity/Q27895194,324014;1456350,Caesia;Caesia,1456350,
Q14622902,Calameuta punctata,http://www.wikidata.org/entity/Q14622902,1293701;1459511,Calameuta punctata;Calameuta punctata,,
Q63252336,Calamus,http://www.wikidata.org/entity/Q63252336,49239;128986,Calamus;Calamus,,
Q15440368,Calanthe micrantha,http://www.wikidata.org/entity/Q15440368,1608530;1644919,Calanthe micrantha;Calanthe micrantha,,
Q106900696,Calanthe tankervilleae,http://www.wikidata.org/entity/Q106900696,1644771;1644770,Calanthe tankervilleae;Calanthe tankervilleae,,
Q25398745,Calantica,http://www.wikidata.org/entity/Q25398745,429489;576576,Calantica;Calantica,NONE,doesn't have a match on inat -- taxon seems outdated and was probably replaced by Niphonympha (Q10336998) 
Q21440084,Calcarobiotus,http://www.wikidata.org/entity/Q21440084,644236;1478965,Calcarobiotus;Calcarobiotus,1478965,
Q50070271,Calendula,http://www.wikidata.org/entity/Q50070271,59261;786014,Calendula;Calendula,,
Q10439793,Callicrania,http://www.wikidata.org/entity/Q10439793,767501;766270,Callicrania;Callicrania,,
Q50754802,Callicrania,http://www.wikidata.org/entity/Q50754802,767501;766270,Callicrania;Callicrania,,
Q18600167,Calliderma,http://www.wikidata.org/entity/Q18600167,349543;1424667,Calliderma;Calliderma,349543,
Q87172877,Calliopsis,http://www.wikidata.org/entity/Q87172877,174615;571486,Calliopsis;Calliopsis,,
Q13449489,Callipia balteata,http://www.wikidata.org/entity/Q13449489,1384895;1667491,Callipia balteata;Callipia balteata,,
Q13449493,Callipia constantinaria,http://www.wikidata.org/entity/Q13449493,1384900;1667493,Callipia constantinaria;Callipia constantinaria,,
Q13449502,Callipia vicinaria,http://www.wikidata.org/entity/Q13449502,1384901;1667492,Callipia vicinaria;Callipia vicinaria,,
Q119573610,Callipogon,http://www.wikidata.org/entity/Q119573610,251982;1193918,Callipogon;Callipogon,,
Q111270149,Callista,http://www.wikidata.org/entity/Q111270149,246380;711814,Callista;Callista,None,wikidata is the sugebus of 246380 -- subgenus seems to be missing on inat
Q8255695,Callista,http://www.wikidata.org/entity/Q8255695,246380;711814,Callista;Callista,,
Q13449889,Calliteara minor,http://www.wikidata.org/entity/Q13449889,1490051;1529846,Calliteara minor;Calliteara minor,,
Q13449899,Calliteara varia,http://www.wikidata.org/entity/Q13449899,1312623;1529730,Calliteara varia;Calliteara varia,,
Q20987206,Calloria,http://www.wikidata.org/entity/Q20987206,374559;428792,Calloria;Calloria,,
Q25661790,Calophyllum,http://www.wikidata.org/entity/Q25661790,83120;348319,Calophyllum;Calophyllum,,
Q14622950,Calopsyra,http://www.wikidata.org/entity/Q14622950,766924;1560025,Calopsyra;Calopsyra,766924,
Q50740963,Calosoma,http://www.wikidata.org/entity/Q50740963,82765;827209,Calosoma;Calosoma,827209,
Q15970755,Calostigma,http://www.wikidata.org/entity/Q15970755,1325360;1570488,Calostigma;Calostigma,,
Q10440700,Calscirtus,http://www.wikidata.org/entity/Q10440700,767381;766778,Calscirtus;Calscirtus,,
Q10440706,Caltathra amiensis,http://www.wikidata.org/entity/Q10440706,1254135;1564110,Caltathra amiensis;Caltathra amiensis,,
Q10440708,Caltathra chopardi,http://www.wikidata.org/entity/Q10440708,1254139;1564112,Caltathra chopardi;Caltathra chopardi,,
Q6538587,Calthropella,http://www.wikidata.org/entity/Q6538587,1474196;1474198,Calthropella;Calthropella,,
Q21440956,Calthropella,http://www.wikidata.org/entity/Q21440956,1474196;1474198,Calthropella;Calthropella,,
Q20869932,Caluromys,http://www.wikidata.org/entity/Q20869932,42542;1431546,Caluromys;Caluromys,,
Q30090409,Calvisia,http://www.wikidata.org/entity/Q30090409,244836;741605,Calvisia;Calvisia,,
Q15745407,Calycina,http://www.wikidata.org/entity/Q15745407,359415;779176,Calycina;Calycina,,
Q2934649,Cambarellus,http://www.wikidata.org/entity/Q2934649,87187;1092152,Cambarellus;Cambarellus,,
Q107274447,Campanella,http://www.wikidata.org/entity/Q107274447,353183;855910,Campanella;Campanella,NONE,no genus on inat does match
Q15600720,Campanula velata,http://www.wikidata.org/entity/Q15600720,1686823;1686821,Campanula velata;Campanula velata,,
Q18479224,Camponotus,http://www.wikidata.org/entity/Q18479224,62781;519191,Camponotus;Camponotus,,
Q25385349,Camponotus alamaina,http://www.wikidata.org/entity/Q25385349,1362883;1362882,Camponotus alamaina;Camponotus alamaina,,
Q9688021,Camponotus edmondi,http://www.wikidata.org/entity/Q9688021,1356031;1362888,Camponotus edmondi;Camponotus edmondi,,
Q30895377,Camponotus efitra,http://www.wikidata.org/entity/Q30895377,1363018;1363019,Camponotus efitra;Camponotus efitra,,
Q12860534,Camponotus pompeius,http://www.wikidata.org/entity/Q12860534,1544261;1668450,Camponotus pompeius;Camponotus pompeius,,
Q12860563,Camponotus repens,http://www.wikidata.org/entity/Q12860563,1363025;1363026,Camponotus repens;Camponotus repens,,
Q87184023,Campylia,http://www.wikidata.org/entity/Q87184023,374433;719779,Campylia;Campylia,NONE,genus doesn't seem to exist on inat but the section (719779) seems similar 
Q21440681,Campylotropis,http://www.wikidata.org/entity/Q21440681,139511;1564310,Campylotropis;Campylotropis,1564310,
Q106876880,Candelabrum,http://www.wikidata.org/entity/Q106876880,353385;374569,Candelabrum;Candelabrum,374569,taxon ancestry seems to be missing for the large part in inat -- it would be defensible if the model couldn't match it
Q2474088,Caninae,http://www.wikidata.org/entity/Q2474088,1511479;1511480,Caninae;Caninae,,
Q20987202,Cannonia,http://www.wikidata.org/entity/Q20987202,417410;1081682,Cannonia;Cannonia,1081682,
Q2936584,Cantharellus,http://www.wikidata.org/entity/Q2936584,47348;892745;1374657,Cantharellus;Cantharellus;Cantharellus,892745,
Q107547029,Cantharellus platyphyllus,http://www.wikidata.org/entity/Q107547029,1137784;1621157,Cantharellus platyphyllus;Cantharellus platyphyllus,,
Q107547183,Cantharellus tenuithrix,http://www.wikidata.org/entity/Q107547183,1079613;1636900,Cantharellus tenuithrix;Cantharellus tenuithrix,,
Q146580,Capitata,http://www.wikidata.org/entity/Q146580,813988;1531069;1633252,Capitata;Capitata;Capitata,813988,
Q19806047,Caprini,http://www.wikidata.org/entity/Q19806047,846307;1460275,Caprini;Caprini,846307,
Q4035859,Carabus,http://www.wikidata.org/entity/Q4035859,56553;538999,Carabus;Carabus,,
Q64755645,Carbonicola,http://www.wikidata.org/entity/Q64755645,464928;1433660,Carbonicola;Carbonicola,464928,
Q115946522,Cardiocondyla argentea,http://www.wikidata.org/entity/Q115946522,1467162;1467157,Cardiocondyla argentea;Cardiocondyla argentea,,
Q3688696,Cardiocondyla batesii,http://www.wikidata.org/entity/Q3688696,1376485;1467665,Cardiocondyla batesii;Cardiocondyla batesii,,
Q3688108,Cardiocondyla nivalis,http://www.wikidata.org/entity/Q3688108,1467687;1467689,Cardiocondyla nivalis;Cardiocondyla nivalis,,
Q3690834,Cardiocondyla sima,http://www.wikidata.org/entity/Q3690834,1467697;1467699,Cardiocondyla sima;Cardiocondyla sima,,
Q3689297,Cardiocondyla wheeleri,http://www.wikidata.org/entity/Q3689297,1467716;1467721,Cardiocondyla wheeleri;Cardiocondyla wheeleri,,
Q10442641,Cardiodactylus efordi,http://www.wikidata.org/entity/Q10442641,1350491;1350483,Cardiodactylus efordi;Cardiodactylus efordi,,
Q9696595,Carebara polita,http://www.wikidata.org/entity/Q9696595,1598490;1598491,Carebara polita;Carebara polita,,
Q19596256,Carebara pygmaea,http://www.wikidata.org/entity/Q19596256,1551230;1551229,Carebara pygmaea;Carebara pygmaea,,
Q38659435,Carex curticeps,http://www.wikidata.org/entity/Q38659435,1459599;1459603,Carex curticeps;Carex curticeps,,
Q5045294,Carolus,http://www.wikidata.org/entity/Q5045294,1069974;1179300,Carolus;Carolus,1069974,
Q111049444,Carolus,http://www.wikidata.org/entity/Q111049444,1069974;1179300,Carolus;Carolus,1179300,
Q34586160,Carpelimus,http://www.wikidata.org/entity/Q34586160,131013;1630949,Carpelimus;Carpelimus,,
Q14883235,Carpelimus despectus,http://www.wikidata.org/entity/Q14883235,1631046;1631032,Carpelimus despectus;Carpelimus despectus,1631032,
Q5047738,Caryospora,http://www.wikidata.org/entity/Q5047738,1025187;1414885,Caryospora;Caryospora,1414885,
Q16852604,Caryospora,http://www.wikidata.org/entity/Q16852604,1025187;1414885,Caryospora;Caryospora,1025187,
Q97303238,Carystina,http://www.wikidata.org/entity/Q97303238,554537;1406949,Carystina;Carystina,,
Q5049369,Cassidulina,http://www.wikidata.org/entity/Q5049369,814176;1350401,Cassidulina;Cassidulina,1350401,
Q23766759,Cassidulina,http://www.wikidata.org/entity/Q23766759,814176;1350401,Cassidulina;Cassidulina,814176,
Q4992994,Castrella,http://www.wikidata.org/entity/Q4992994,1483596;1483597,Castrella;Castrella,,
Q50757796,Castrella,http://www.wikidata.org/entity/Q50757796,1483596;1483597,Castrella;Castrella,,
Q9707409,Cataglyphis altisquamis,http://www.wikidata.org/entity/Q9707409,1464285;1464274,Cataglyphis altisquamis;Cataglyphis altisquamis,,
Q9707924,Cataglyphis emmae,http://www.wikidata.org/entity/Q9707924,1464295;1464339,Cataglyphis emmae;Cataglyphis emmae,,
Q65156321,Catascopus,http://www.wikidata.org/entity/Q65156321,251424;1464349,Catascopus;Catascopus,,
Q3690269,Cataulacus huberi,http://www.wikidata.org/entity/Q3690269,1429247;1436056,Cataulacus huberi;Cataulacus huberi,,
Q3688071,Cataulacus tenuis,http://www.wikidata.org/entity/Q3688071,1436083;1436066,Cataulacus tenuis;Cataulacus tenuis,,
Q116877957,Cathedra,http://www.wikidata.org/entity/Q116877957,541509;703114,Cathedra;Cathedra,541509,
Q111077589,Catocheilus apterus,http://www.wikidata.org/entity/Q111077589,1624316;1649200,Catocheilus apterus;Catocheilus apterus,,
Q21441833,Cattleya,http://www.wikidata.org/entity/Q21441833,140844;1486290;1486304,Cattleya;Cattleya;Cattleya,,
